{"CC": [322.4219999999999, 279.082], "CN": [295.77599999999984, 285.6159999999998], "CS": [281.63999999999993, 286.2099999999999], "NC": [305.4460000000001, 248.19600000000003], "NN": [280.11, 268.63000000000005], "NS": [219.52399999999997, 219.40399999999997], "SC": [322.39, 245.1], "SN": [270.124, 256.13399999999996], "SS": [254.43999999999988, 252.05999999999992]}