{
    "CC": [324.922, 271.03200000000004], 
    "CN": [288.752, 280.682], 
    "CS": [261.18399999999997, 282.3239999999999], 
    "NC": [325.87000000000006, 254.19], 
    "NN": [279.18600000000004, 267.31600000000003], 
    "NS": [251.84399999999994, 266.644], 
    "SC": [324.54, 231.85000000000002], 
    "SN": [261.0240000000001, 242.79400000000012], 
    "SS": [243.122, 243.18200000000002]
}